season,week,eligible_qb,eligible_rb,eligible_wr,eligible_te,samples,mean,stdev,min,p05,p10,p25,p50,p75,p90,p95,max,score_ge_100_rate
2013,1,24,40,73,24,20000,117.493,23.667,35.800,80.000,87.600,100.900,116.500,133.300,148.300,157.700,219.600,0.7644
2013,2,22,43,72,22,20000,113.549,22.168,40.300,78.300,85.800,98.100,112.700,128.300,142.600,151.200,208.000,0.7208
2013,3,25,42,82,22,20000,103.493,20.882,37.100,71.095,77.500,88.800,102.400,117.100,130.700,139.600,192.700,0.5478
2013,4,24,42,65,22,20000,114.584,21.286,47.800,80.800,87.700,99.700,114.000,128.625,142.500,150.900,205.200,0.7463
2013,5,22,36,67,25,20000,110.533,20.847,42.700,78.000,84.690,95.900,109.500,123.925,137.900,146.400,205.400,0.6815
2013,6,24,42,74,23,20000,104.691,20.939,34.500,72.100,78.500,89.900,103.500,118.200,132.500,140.900,206.900,0.5653
2013,7,23,39,72,25,20000,104.588,19.218,38.200,74.200,80.400,91.075,103.900,117.200,129.700,137.405,186.500,0.5813
2013,8,21,39,65,17,20000,102.490,21.680,32.300,69.600,76.100,87.400,100.800,115.800,131.200,141.600,211.100,0.5178
2013,9,20,40,62,19,20000,119.456,25.573,36.700,79.600,87.790,101.700,117.900,136.000,153.100,163.700,252.000,0.7744
2013,10,23,38,69,24,20000,100.703,20.143,35.900,69.300,75.500,86.300,99.600,113.900,127.600,135.300,187.200,0.4936
2013,11,22,43,68,25,20000,108.602,19.840,47.400,77.700,83.700,94.600,107.600,121.600,134.400,142.800,196.600,0.6550
2013,12,20,38,64,23,20000,109.051,20.207,44.600,77.000,83.500,95.000,108.400,122.200,135.500,143.405,186.000,0.6623
2013,13,22,42,73,27,20000,111.874,22.209,41.500,78.600,84.900,96.600,110.100,125.600,141.300,151.600,232.300,0.6910
2013,14,24,47,75,25,20000,115.503,20.997,50.600,82.600,89.100,100.800,114.500,129.300,143.000,151.800,208.000,0.7625
2013,15,22,42,79,26,20000,114.541,22.679,43.300,80.500,87.200,98.800,112.800,128.200,144.110,155.400,217.800,0.7310
2013,16,24,48,74,24,20000,94.797,19.782,31.900,64.800,70.400,80.675,93.600,107.600,121.100,129.000,179.800,0.3774
2013,17,24,43,76,20,20000,104.442,19.357,42.500,74.200,80.500,90.900,103.500,117.125,129.900,137.700,195.800,0.5756
2014,1,26,43,75,24,20000,106.829,19.172,35.400,76.395,82.700,93.500,106.400,119.600,131.500,139.000,180.100,0.6319
2014,2,25,48,76,23,20000,101.050,20.593,29.400,69.200,75.300,86.400,99.900,114.425,128.300,136.800,200.200,0.4993
2014,3,24,44,80,27,20000,103.054,18.772,39.100,73.200,79.300,89.900,102.600,115.600,127.400,134.700,180.900,0.5518
2014,4,20,39,62,19,20000,117.620,20.236,47.000,85.400,92.100,103.500,117.000,131.000,144.100,151.600,197.100,0.8070
2014,5,27,41,76,20,20000,106.960,21.021,43.200,74.400,80.700,92.100,105.900,120.500,134.700,143.300,195.600,0.6131
2014,6,24,40,81,25,20000,107.717,20.536,42.900,75.200,81.700,93.300,107.000,121.200,134.600,142.705,207.900,0.6372
2014,7,24,46,74,25,20000,101.342,19.843,38.100,70.000,76.500,87.500,100.600,114.400,127.400,135.400,191.300,0.5109
2014,8,22,38,68,23,20000,117.399,24.602,38.300,79.600,86.900,100.000,115.900,133.125,149.800,160.200,228.000,0.7508
2014,9,23,37,66,22,20000,108.249,21.109,36.300,74.500,81.500,93.700,107.600,122.200,135.800,144.100,212.100,0.6421
2014,10,20,39,64,19,20000,104.782,21.669,32.600,71.000,77.600,89.500,103.600,119.000,133.200,142.300,203.300,0.5679
2014,11,25,34,73,19,20000,100.682,20.810,39.100,69.100,75.100,85.900,99.100,114.000,128.600,137.300,194.600,0.4844
2014,12,21,41,73,19,20000,107.761,19.958,37.900,76.300,82.500,93.800,106.900,120.900,133.800,142.000,203.100,0.6411
2014,13,25,42,82,20,20000,105.652,23.963,36.000,68.800,76.290,88.800,103.800,121.100,137.700,147.305,220.600,0.5663
2014,14,23,48,84,24,20000,106.277,24.768,22.800,68.200,75.400,88.700,104.950,122.300,138.800,149.200,233.800,0.5776
2014,15,26,43,75,22,20000,93.576,18.009,34.800,65.700,71.400,81.200,92.700,104.900,117.100,124.900,174.100,0.3411
2014,16,24,39,76,26,20000,113.108,19.517,39.700,81.700,88.200,99.600,112.800,126.200,138.400,145.900,192.500,0.7446
2014,17,24,47,73,23,20000,97.754,18.104,40.300,70.095,75.300,85.000,96.600,109.200,121.900,129.400,177.200,0.4266
2015,1,26,49,71,25,20000,104.832,20.623,39.600,72.400,78.700,90.500,104.200,118.400,131.800,139.600,192.300,0.5823
2015,2,24,49,71,22,20000,109.155,21.291,39.200,75.400,82.300,94.400,108.300,123.200,136.900,145.400,197.500,0.6573
2015,3,24,48,68,18,20000,117.735,25.624,38.000,78.000,85.500,99.600,116.500,134.400,151.800,161.800,250.100,0.7447
2015,4,26,47,74,15,20000,104.766,19.554,39.400,73.500,80.000,91.200,104.400,117.625,130.110,137.900,189.600,0.5873
2015,5,23,46,66,21,20000,111.441,20.220,50.400,78.800,85.700,97.500,110.900,124.800,137.800,145.500,192.500,0.7092
2015,6,24,40,66,21,20000,115.383,21.042,45.100,81.900,89.000,100.800,114.800,129.300,142.900,151.600,208.400,0.7626
2015,7,21,41,63,20,20000,112.197,21.615,36.600,78.100,85.000,97.000,111.400,126.400,140.400,149.200,207.400,0.7044
2015,8,23,41,68,22,20000,109.096,21.784,28.500,74.600,81.500,93.700,108.300,123.500,137.710,146.300,191.100,0.6503
2015,9,21,37,61,22,20000,120.056,22.421,43.700,85.300,92.100,104.175,119.000,134.700,149.600,158.500,224.600,0.8095
2015,10,22,42,68,27,20000,100.940,19.911,30.800,70.100,76.200,86.800,99.800,113.800,127.200,135.900,191.600,0.4962
2015,11,22,42,64,24,20000,100.537,18.345,42.600,71.900,77.700,87.700,99.700,112.500,124.200,132.100,178.800,0.4943
2015,12,23,46,71,23,20000,115.471,21.595,45.700,81.795,88.500,100.100,114.500,129.900,143.900,152.100,214.400,0.7522
2015,13,22,45,71,20,20000,112.913,21.894,39.400,78.000,85.400,97.700,112.200,127.500,141.400,150.100,198.500,0.7149
2015,14,22,46,77,23,20000,104.343,18.992,40.000,74.600,80.300,91.300,103.500,116.900,129.100,136.600,183.400,0.5767
2015,15,22,45,67,19,20000,120.168,23.159,48.100,84.300,91.600,104.200,118.900,134.900,150.600,160.100,228.100,0.8106
2015,16,25,47,66,19,20000,108.897,19.148,46.200,78.800,84.800,95.600,108.000,121.400,134.200,141.600,197.100,0.6671
2015,17,22,45,69,21,20000,106.576,17.946,37.100,77.500,83.800,94.300,106.300,118.400,129.700,136.900,178.400,0.6394
2016,1,25,43,79,20,20000,109.560,20.575,34.600,77.295,83.700,95.000,108.800,123.000,136.800,144.600,197.000,0.6655
2016,2,25,40,81,25,20000,104.561,18.734,33.200,74.200,80.700,91.800,104.400,116.825,128.900,136.000,176.800,0.5924
2016,3,25,47,77,21,20000,106.629,22.532,35.900,70.800,78.200,90.900,105.900,121.600,136.300,144.700,204.400,0.6027
2016,4,24,44,81,21,20000,107.337,19.678,43.200,77.200,83.300,93.700,106.200,119.500,133.200,142.000,199.700,0.6263
2016,5,20,41,65,21,20000,111.574,21.587,38.900,76.700,84.100,96.700,111.200,126.000,139.500,147.500,200.300,0.6978
2016,6,25,41,83,24,20000,109.127,21.963,42.700,75.000,81.600,93.600,107.900,123.525,138.400,147.300,205.400,0.6413
2016,7,22,39,70,19,20000,107.326,21.645,33.800,72.800,80.190,92.200,106.800,121.400,135.600,144.600,196.600,0.6231
2016,8,21,34,71,21,20000,115.490,18.686,52.800,85.500,91.700,102.500,115.100,128.200,139.900,146.900,191.200,0.7922
2016,9,20,34,68,21,20000,111.633,20.556,39.900,79.200,86.000,97.300,110.800,125.025,138.700,147.200,200.000,0.7034
2016,10,21,37,68,27,20000,111.668,21.013,48.900,79.300,85.490,96.800,110.400,125.200,139.500,148.600,200.200,0.6966
2016,11,24,42,67,24,20000,101.859,18.092,38.600,73.400,79.100,89.300,101.100,113.700,125.700,132.700,171.500,0.5266
2016,12,26,43,76,28,20000,109.146,20.048,40.900,77.600,84.000,95.100,108.300,122.400,135.300,143.300,192.000,0.6625
2016,13,24,37,71,22,20000,109.063,19.974,23.400,77.300,83.900,95.100,108.500,122.200,134.900,142.800,192.600,0.6656
2016,14,26,40,75,22,20000,98.408,20.132,36.500,67.800,73.900,84.400,97.100,110.500,124.500,134.300,185.500,0.4413
2016,15,27,43,75,24,20000,101.004,19.228,36.900,70.500,76.500,87.700,100.400,113.725,125.900,133.600,188.300,0.5085
2016,16,23,45,81,17,20000,117.042,21.992,47.700,82.700,89.600,101.600,115.900,131.400,145.900,155.000,213.200,0.7746
2016,17,24,39,73,23,20000,110.171,19.794,44.200,79.500,85.600,96.400,109.100,123.000,136.400,144.500,195.400,0.6834
2017,1,24,51,71,20,20000,94.998,19.075,23.000,65.700,71.400,81.700,94.100,106.700,119.700,128.200,186.000,0.3738
2017,2,26,48,78,24,20000,96.839,18.659,33.400,67.300,73.300,83.900,96.200,109.200,121.300,128.405,186.000,0.4214
2017,3,26,49,74,20,20000,110.878,23.112,32.600,74.300,81.700,94.700,110.400,126.300,140.800,149.900,208.400,0.6683
2017,4,24,53,84,25,20000,100.117,19.668,36.100,68.900,75.200,86.300,99.400,113.200,126.000,133.500,193.300,0.4906
2017,5,21,44,71,23,20000,97.793,19.716,27.500,66.100,72.700,84.300,97.400,110.700,123.400,131.200,191.000,0.4475
2017,6,24,44,66,24,20000,99.718,18.872,32.700,69.700,75.700,86.700,99.100,112.300,124.400,131.800,179.300,0.4822
2017,7,20,47,67,23,20000,100.074,20.897,30.300,68.095,74.400,85.700,98.700,113.100,127.600,136.800,195.800,0.4741
2017,8,20,44,60,18,20000,99.284,19.367,36.300,69.800,75.200,85.500,98.200,111.800,124.700,133.100,188.700,0.4637
2017,9,19,39,63,19,20000,104.783,18.297,45.800,76.100,81.900,92.200,104.150,116.700,128.910,135.900,195.500,0.5897
2017,10,22,45,70,18,20000,104.094,18.412,39.600,75.395,81.200,91.400,103.200,116.100,128.200,135.900,181.800,0.5714
2017,11,20,46,67,23,20000,101.080,19.648,30.000,70.300,76.400,87.600,100.100,113.500,126.900,134.700,204.200,0.5026
2017,12,22,49,72,19,20000,103.541,22.224,33.000,70.400,76.400,87.800,101.800,117.200,133.600,143.200,205.000,0.5323
2017,13,23,51,70,21,20000,103.202,19.157,36.000,73.200,79.300,89.700,102.300,115.725,128.400,136.300,182.100,0.5489
2017,14,25,46,73,20,20000,109.067,21.849,37.700,74.700,81.700,93.900,108.300,123.300,137.700,146.600,205.600,0.6490
2017,15,24,46,75,22,20000,108.650,21.613,44.100,75.295,81.700,93.275,107.400,122.600,137.200,146.400,206.100,0.6373
2017,16,22,51,76,21,20000,93.713,18.376,32.300,66.100,71.600,80.800,92.400,104.700,117.600,126.600,188.300,0.3377
2017,17,20,48,71,18,20000,95.858,18.895,33.000,66.100,71.900,82.500,95.200,108.500,120.500,128.000,180.600,0.4038
2018,1,21,39,73,16,20000,115.837,23.491,39.500,78.700,86.200,99.200,115.000,131.200,146.700,155.800,210.000,0.7389
2018,2,20,44,79,20,20000,118.096,21.220,47.500,84.700,91.500,103.500,117.200,132.000,145.900,154.500,204.700,0.8020
2018,3,22,43,73,19,20000,113.369,20.441,48.300,81.100,87.500,99.200,112.800,127.000,139.700,148.000,207.600,0.7383
2018,4,25,40,77,16,20000,125.738,25.248,40.500,85.000,93.400,108.300,125.300,142.900,158.300,168.000,226.300,0.8414
2018,5,22,42,73,16,20000,116.742,19.528,53.400,85.795,92.100,102.900,116.000,129.825,142.100,149.705,197.900,0.7995
2018,6,20,40,71,20,20000,117.798,22.583,38.800,82.200,89.400,102.100,117.000,132.400,147.400,156.300,212.300,0.7827
2018,7,19,40,69,17,20000,113.388,19.424,43.600,82.900,89.000,99.900,112.600,126.100,138.800,147.100,195.000,0.7477
2018,8,20,33,67,20,20000,124.208,19.508,56.200,93.000,99.300,110.800,123.800,137.000,149.600,157.200,209.400,0.8940
2018,9,18,43,65,21,20000,109.689,21.281,47.000,77.300,83.600,94.400,108.300,123.500,137.900,146.800,213.000,0.6543
2018,10,20,43,61,20,20000,120.146,23.649,47.800,83.600,90.700,103.000,119.000,135.500,151.200,161.300,222.800,0.7932
2018,11,21,36,64,19,20000,113.121,22.754,35.600,77.300,84.590,97.000,112.200,128.200,142.600,151.900,209.600,0.7053
2018,12,20,44,70,21,20000,116.154,21.132,47.300,83.300,90.100,101.400,115.000,129.600,143.900,152.600,215.000,0.7734
2018,13,23,46,76,19,20000,106.190,20.349,40.000,75.300,81.300,91.800,104.800,119.200,133.300,142.200,194.000,0.5933
2018,14,25,45,75,19,20000,108.108,22.926,32.800,72.900,80.200,92.100,106.500,122.600,138.400,148.700,203.500,0.6157
2018,15,24,45,76,17,20000,97.072,20.090,33.300,65.800,72.100,83.075,95.900,110.125,123.700,131.700,183.700,0.4214
2018,16,22,41,75,20,20000,115.734,21.484,41.600,82.200,89.200,100.600,114.800,129.700,143.710,152.905,215.600,0.7605
2018,17,21,45,70,15,20000,109.497,20.581,40.400,77.000,83.500,95.100,108.800,123.100,136.500,144.400,193.000,0.6654
2019,1,25,47,77,20,20000,117.890,24.845,32.000,79.000,86.700,100.600,116.800,134.300,150.400,160.700,214.700,0.7587
2019,2,24,46,79,14,20000,107.264,19.826,37.200,75.100,82.000,93.675,107.100,120.400,133.000,140.700,188.000,0.6362
2019,3,24,45,76,16,20000,117.865,23.340,35.600,81.500,88.800,101.600,116.700,133.300,148.900,158.300,234.200,0.7738
2019,4,24,46,68,21,20000,108.914,20.947,31.000,76.400,82.900,94.375,107.700,122.300,136.500,145.500,202.900,0.6479
2019,5,20,46,68,16,20000,116.599,26.206,38.300,78.000,85.000,97.700,114.100,132.900,151.600,163.000,267.400,0.7173
2019,6,24,42,63,19,20000,106.753,21.519,36.900,72.400,79.500,92.100,105.800,120.500,134.900,144.200,207.500,0.6130
2019,7,24,44,76,22,20000,98.294,21.207,32.400,65.900,72.100,83.300,96.900,111.800,126.500,135.400,198.700,0.4430
2019,8,23,39,72,18,20000,114.923,21.925,44.400,81.600,87.800,99.300,113.400,129.000,144.000,153.300,230.500,0.7402
2019,9,21,40,67,20,20000,113.340,20.818,44.400,80.500,87.200,98.900,112.300,126.900,140.800,148.800,206.100,0.7326
2019,10,21,37,58,22,20000,111.616,20.447,46.000,79.800,86.100,97.300,110.600,125.000,138.600,146.600,191.800,0.7044
2019,11,21,48,65,18,20000,107.525,18.652,36.100,77.600,83.900,94.700,107.000,119.900,131.800,139.100,183.700,0.6477
2019,12,20,39,70,16,20000,103.265,22.643,37.100,68.100,75.300,87.100,101.900,117.800,133.300,142.505,202.600,0.5348
2019,13,24,46,72,20,20000,110.320,19.733,27.700,78.600,85.300,96.700,109.900,123.500,135.700,143.700,191.300,0.6935
2019,14,27,44,75,22,20000,113.762,21.053,37.800,80.400,87.100,99.000,112.900,127.800,141.400,149.700,202.200,0.7357
2019,15,26,44,67,15,20000,118.800,22.986,43.800,82.600,89.700,102.700,118.000,134.000,148.900,158.000,215.800,0.7881
2019,16,24,48,73,19,20000,114.051,22.609,42.600,78.600,85.800,98.275,113.100,128.800,143.700,152.800,218.000,0.7228
2019,17,22,43,67,19,20000,113.696,20.042,47.700,81.400,88.400,99.900,113.300,126.900,139.800,148.100,202.400,0.7498
2020,1,21,47,83,23,20000,111.036,20.565,46.000,78.900,85.400,96.675,109.900,124.600,138.000,146.600,201.500,0.6939
2020,2,21,42,81,24,20000,120.295,22.497,41.800,84.300,92.000,105.000,119.700,135.200,149.500,158.505,228.700,0.8165
2020,3,22,40,73,21,20000,119.811,22.128,48.000,85.300,92.000,104.400,118.700,134.100,148.900,158.200,215.200,0.8120
2020,4,20,43,72,16,20000,119.264,22.146,52.300,85.400,92.000,103.600,117.800,133.500,148.400,157.800,219.200,0.8044
2020,5,20,34,66,20,20000,120.120,19.769,51.900,88.200,95.100,106.500,119.700,133.200,145.400,153.200,205.900,0.8456
2020,6,20,36,70,23,20000,108.747,20.288,45.100,77.500,83.600,94.600,107.500,121.700,135.600,144.200,195.700,0.6539
2020,7,20,35,75,22,20000,117.166,22.336,40.300,82.700,89.400,101.800,115.700,131.200,146.300,156.300,224.100,0.7780
2020,8,22,40,72,20,20000,106.407,20.030,49.000,76.500,82.100,92.300,104.900,118.700,133.000,142.200,204.000,0.6032
2020,9,22,40,73,19,20000,112.752,20.026,48.100,81.800,88.100,98.800,111.500,125.500,139.000,147.600,203.800,0.7296
2020,10,20,36,71,20,20000,106.249,18.971,38.000,75.800,82.200,93.000,105.700,118.700,131.000,138.500,183.100,0.6190
2020,11,19,37,70,19,20000,111.254,17.494,43.000,83.100,89.000,99.400,110.800,122.800,134.000,141.000,175.900,0.7385
2020,12,21,43,78,22,20000,106.914,22.863,34.700,72.600,79.300,90.800,105.200,120.900,137.100,147.305,228.100,0.5928
2020,13,20,35,79,20,20000,116.454,21.341,32.900,82.495,89.600,101.875,115.700,130.400,144.210,152.700,209.400,0.7803
2020,14,23,35,84,23,20000,111.297,20.363,42.400,79.400,85.800,97.000,110.300,124.800,138.400,146.100,208.000,0.6984
2020,15,20,40,75,20,20000,120.363,21.001,29.800,85.800,93.500,106.100,120.200,134.400,147.500,155.500,208.100,0.8307
2020,16,20,38,71,22,20000,123.295,23.319,56.000,88.800,95.390,106.900,120.900,137.600,154.700,166.000,220.900,0.8489
2020,17,16,40,72,19,20000,126.102,23.342,37.500,89.300,96.700,109.900,125.300,141.200,156.900,166.200,231.800,0.8695
2021,1,22,49,85,18,20000,112.321,21.812,37.300,77.300,84.500,97.200,111.800,126.800,140.700,148.905,209.400,0.7094
2021,2,24,45,80,21,20000,108.901,21.687,38.800,76.000,82.400,93.600,107.450,122.600,137.200,147.000,222.400,0.6367
2021,3,20,46,79,20,20000,113.254,19.366,48.700,81.800,88.600,99.900,112.900,126.100,138.300,145.900,188.700,0.7487
2021,4,22,46,75,20,20000,117.339,20.301,51.900,85.500,92.100,103.200,116.500,130.500,143.700,152.400,218.500,0.8006
2021,5,22,48,78,18,20000,120.522,25.468,42.000,80.900,88.800,102.500,119.400,137.300,153.900,164.500,229.000,0.7816
2021,6,17,41,70,20,20000,119.245,18.981,50.300,89.300,95.200,105.900,118.600,131.600,144.100,151.600,201.700,0.8433
2021,7,16,38,60,18,20000,114.583,18.873,44.200,85.095,90.900,101.500,113.700,126.700,139.500,147.000,197.000,0.7750
2021,8,18,48,77,20,20000,103.111,18.920,39.600,72.900,79.100,90.000,102.800,115.525,127.900,134.905,177.200,0.5556
2021,9,21,42,68,23,20000,104.280,17.781,50.200,76.900,82.400,91.800,103.250,115.500,127.900,135.600,180.900,0.5729
2021,10,19,41,73,21,20000,101.696,18.686,41.000,72.000,78.000,88.700,100.900,114.100,126.300,133.705,185.300,0.5202
2021,11,22,40,74,19,20000,106.478,23.249,42.100,71.500,78.100,90.100,104.800,120.800,137.500,147.900,218.400,0.5856
2021,12,21,45,74,25,20000,101.040,19.120,37.400,71.400,77.500,87.900,99.900,113.200,125.900,134.600,199.000,0.4972
2021,13,21,36,71,20,20000,107.397,21.142,34.000,74.700,80.800,92.600,106.300,120.700,135.200,144.200,196.100,0.6208
2021,14,19,37,69,14,20000,117.724,21.088,44.500,84.200,91.200,103.100,116.850,131.500,145.100,153.600,200.400,0.7984
2021,15,23,50,80,20,20000,96.641,20.237,39.500,66.100,71.800,82.000,95.100,109.700,123.700,132.400,185.200,0.4067
2021,16,20,46,76,19,20000,107.811,21.330,41.400,75.195,81.600,92.600,106.400,121.400,135.900,144.700,205.400,0.6239
2021,17,17,42,66,16,20000,115.566,20.887,51.400,83.900,90.300,101.100,114.150,128.300,142.500,152.200,225.000,0.7704
2021,18,19,44,80,19,20000,113.413,19.856,47.600,81.900,88.400,99.600,112.700,126.700,139.400,146.700,212.000,0.7441
2022,1,25,51,83,20,20000,103.784,20.008,38.700,72.500,78.800,89.900,102.800,116.900,130.100,138.000,215.900,0.5581
2022,2,24,48,77,21,20000,104.010,22.878,36.100,69.300,75.900,87.700,102.400,118.600,134.200,144.305,212.500,0.5432
2022,3,26,44,73,21,20000,105.410,19.184,43.500,75.000,81.300,92.100,104.900,118.000,130.100,137.805,182.400,0.6037
2022,4,24,47,75,23,20000,104.357,22.722,23.700,68.700,76.000,88.400,103.300,119.200,134.200,143.500,196.900,0.5599
2022,5,21,50,75,19,20000,107.670,22.583,35.200,72.300,79.400,91.800,106.400,122.500,137.600,146.705,196.800,0.6153
2022,6,21,36,67,23,20000,103.291,19.415,40.400,72.400,78.800,89.800,102.700,116.200,128.700,136.100,190.900,0.5561
2022,7,22,41,68,19,20000,107.720,19.966,42.200,76.100,82.800,93.800,106.800,120.800,134.000,141.900,209.800,0.6402
2022,8,25,41,69,19,20000,113.889,22.626,40.700,79.100,85.800,98.000,112.700,128.700,143.700,153.005,214.800,0.7188
2022,9,18,38,61,22,20000,100.075,22.841,30.500,66.800,72.800,84.000,97.800,113.700,130.700,141.500,214.200,0.4607
2022,10,22,41,77,21,20000,104.030,19.674,39.100,73.500,79.400,90.300,103.000,116.600,129.800,138.400,197.800,0.5646
2022,11,19,41,71,17,20000,104.706,20.769,37.100,72.500,78.900,90.000,103.600,118.300,132.100,140.400,204.400,0.5715
2022,12,22,46,82,21,20000,106.856,19.602,31.300,76.400,82.800,93.400,105.900,119.100,132.400,141.100,186.000,0.6227
2022,13,24,45,74,16,20000,101.548,18.905,40.600,71.900,77.900,88.500,100.700,113.800,126.300,133.800,179.000,0.5153
2022,14,19,39,72,15,20000,107.205,21.000,38.100,74.300,81.100,92.600,106.200,120.700,134.300,143.400,201.200,0.6182
2022,15,19,43,70,21,20000,114.688,20.491,45.100,82.400,88.800,100.500,113.800,128.400,141.700,149.500,204.100,0.7582
2022,16,22,46,72,21,20000,104.239,21.724,38.900,70.000,76.700,88.900,103.500,118.400,132.800,141.300,205.100,0.5647
2022,17,20,45,75,29,20000,98.481,21.257,30.900,66.000,72.400,83.600,97.200,112.200,126.400,135.300,210.300,0.4475
2022,18,23,48,84,23,20000,87.642,16.604,31.700,61.100,66.500,76.100,87.100,98.700,109.400,115.700,154.200,0.2267
2023,1,27,46,74,18,20000,93.051,19.355,33.400,62.900,68.700,79.400,92.200,105.600,118.300,126.200,198.400,0.3453
2023,2,24,36,75,20,20000,116.283,19.259,41.700,85.300,91.790,102.900,115.900,129.100,141.300,148.300,200.500,0.7977
2023,3,25,40,73,24,20000,109.927,23.034,44.100,76.500,82.590,93.400,107.500,124.100,141.300,151.800,228.700,0.6353
2023,4,23,38,74,27,20000,107.696,22.774,43.800,73.500,79.900,91.300,106.000,122.100,138.000,147.800,215.700,0.6059
2023,5,20,41,68,23,20000,108.239,22.939,34.100,74.195,80.600,92.200,106.300,122.300,138.800,149.100,218.000,0.6151
2023,6,23,36,62,22,20000,101.201,16.816,42.000,74.495,80.100,89.600,100.500,112.300,123.200,130.300,171.200,0.5115
2023,7,22,36,64,19,20000,109.590,19.584,40.800,78.900,85.000,95.900,108.700,122.500,135.500,143.000,204.800,0.6760
2023,8,22,41,76,20,20000,114.131,20.617,40.700,81.500,88.000,99.800,113.400,127.600,141.010,149.500,208.000,0.7479
2023,9,18,38,68,23,20000,102.782,18.378,38.000,73.700,79.800,90.000,102.200,114.700,126.700,134.200,185.100,0.5475
2023,10,17,42,64,19,20000,109.955,20.210,48.900,79.200,85.000,95.700,108.600,123.100,136.600,145.200,210.900,0.6718
2023,11,23,41,69,21,20000,99.317,18.487,38.400,70.395,76.000,86.500,98.500,111.400,123.700,131.100,182.900,0.4686
2023,12,22,43,74,19,20000,107.402,20.109,33.600,75.800,82.000,93.300,106.700,120.700,133.900,141.700,186.800,0.6299
2023,13,19,34,60,17,20000,115.280,22.809,43.800,79.400,86.600,99.400,114.200,130.400,145.600,154.800,212.800,0.7399
2023,14,25,43,69,24,20000,103.954,19.279,35.300,73.200,79.900,90.600,103.400,116.600,128.910,136.900,188.600,0.5688
2023,15,23,46,74,26,20000,103.022,20.905,33.300,70.300,76.800,88.300,102.100,116.600,130.500,138.900,190.900,0.5396
2023,16,23,43,72,26,20000,110.367,21.271,46.300,78.300,84.600,95.800,108.700,123.200,138.300,148.500,207.700,0.6744
2023,17,21,47,71,23,20000,107.231,19.757,37.700,76.900,82.700,93.500,105.900,119.900,133.300,142.000,197.400,0.6236
2023,18,23,37,71,18,20000,105.887,20.415,28.300,73.500,80.100,91.800,105.200,119.525,132.500,140.400,204.400,0.6015
2024,1,22,42,82,21,20000,98.646,18.745,40.200,69.200,75.200,85.500,97.900,110.900,123.300,130.900,176.500,0.4560
2024,2,27,44,78,18,20000,97.680,20.479,32.100,66.000,72.300,83.300,96.500,110.700,124.800,133.400,189.000,0.4314
2024,3,24,43,76,17,20000,108.473,21.715,40.300,74.400,81.200,93.400,107.500,122.500,136.700,146.100,219.600,0.6363
2024,4,24,40,76,16,20000,108.310,20.185,35.900,76.200,82.900,94.200,107.700,121.700,134.700,142.400,195.500,0.6521
2024,5,20,39,64,23,20000,113.790,18.880,55.100,84.100,90.200,100.700,113.100,125.925,138.410,146.300,197.400,0.7629
2024,6,20,39,74,19,20000,109.528,19.549,39.900,77.800,84.700,96.000,109.200,122.500,134.800,142.100,192.000,0.6841
2024,7,20,41,80,24,20000,101.608,19.035,38.000,71.200,77.500,88.300,101.100,114.200,126.700,133.800,181.200,0.5239
2024,8,25,39,71,20,20000,121.545,18.390,56.700,91.900,98.300,109.100,121.000,133.625,145.600,152.900,196.300,0.8827
2024,9,24,37,64,21,20000,114.748,20.192,37.500,82.800,89.100,100.800,114.200,128.125,140.900,149.100,200.700,0.7624
2024,10,20,34,66,23,20000,102.052,18.768,45.500,74.300,79.700,89.200,100.500,112.900,125.900,135.800,200.600,0.5121
2024,11,22,38,69,19,20000,114.936,23.047,42.700,79.200,86.200,98.500,113.800,129.700,145.500,155.100,215.200,0.7290
2024,12,21,38,64,23,20000,106.243,20.436,40.200,75.200,81.000,92.000,105.000,119.000,133.200,142.305,215.700,0.6024
2024,13,26,39,70,24,20000,113.134,19.015,46.100,82.800,89.100,100.000,112.800,125.500,137.800,145.000,192.900,0.7510
2024,14,20,36,58,16,20000,120.759,22.442,47.900,86.400,93.100,105.000,119.200,135.200,150.500,159.800,226.400,0.8234
2024,15,23,42,76,20,20000,106.939,22.703,39.500,71.500,78.400,91.000,105.800,121.800,136.900,146.305,199.100,0.6016
2024,16,21,41,74,18,20000,117.506,20.144,47.200,86.200,92.200,103.600,116.600,130.600,143.800,151.800,221.400,0.8074
2024,17,18,36,75,20,20000,118.442,22.367,37.200,82.800,89.700,103.000,118.000,133.200,147.500,156.100,201.700,0.7918
2024,18,19,36,66,19,20000,115.979,22.324,36.200,80.300,87.900,100.700,115.200,130.300,144.900,154.200,208.100,0.7607
2025,1,21,41,73,26,20000,98.875,18.927,32.300,67.700,74.600,85.900,98.700,111.700,123.200,130.100,168.500,0.4733
2025,2,25,49,78,24,20000,104.784,20.609,30.700,72.395,79.100,90.600,103.900,118.000,131.610,140.005,194.800,0.5759
2025,3,25,44,76,29,20000,98.600,19.655,34.800,67.900,74.100,84.700,97.600,111.500,124.300,132.300,182.900,0.4522
2025,4,23,48,74,28,20000,109.512,20.200,46.900,78.100,84.400,95.200,108.400,122.800,136.300,144.800,194.000,0.6644
2025,5,20,36,65,26,20000,116.386,20.248,36.300,83.500,90.800,102.600,115.900,130.000,142.800,150.400,200.500,0.7920
2025,6,21,45,69,30,20000,101.825,20.362,45.100,71.200,76.600,87.000,100.400,114.900,129.300,137.500,189.000,0.5085
2025,7,17,41,71,30,20000,109.096,23.527,28.600,72.800,80.000,92.700,107.600,124.400,140.600,149.700,215.700,0.6292
2025,8,16,43,61,22,20000,108.969,20.156,39.300,77.200,83.600,94.900,108.400,122.100,135.300,143.200,193.100,0.6602
2025,9,20,40,64,28,20000,110.240,20.365,47.700,79.200,85.300,96.000,109.000,123.000,137.000,145.905,206.800,0.6759
2025,10,21,39,60,24,20000,110.024,21.271,43.000,78.200,84.300,95.200,108.300,123.200,138.500,148.205,208.100,0.6616
2025,11,22,48,66,21,20000,101.829,21.161,41.600,69.900,75.800,86.600,100.400,115.400,129.910,138.900,217.700,0.5081
2025,12,19,39,63,23,20000,102.802,22.458,34.800,69.100,75.800,87.200,101.000,116.300,132.400,143.600,212.200,0.5202
2025,13,23,50,70,26,20000,101.066,17.748,41.300,73.100,78.900,88.700,100.300,112.800,124.500,131.600,175.300,0.5081
2025,14,21,42,64,26,20000,102.133,20.198,34.900,70.800,77.100,88.000,101.100,115.200,128.400,137.200,189.500,0.5217
2025,15,21,48,73,26,20000,110.695,22.653,40.900,76.100,83.000,94.700,109.000,125.100,141.000,150.500,206.200,0.6607
2025,16,23,47,69,27,20000,108.717,22.700,35.200,73.000,80.100,93.000,107.900,123.400,138.400,148.205,204.400,0.6393
2025,17,17,44,73,27,20000,103.452,21.322,34.900,70.600,77.100,88.500,102.100,117.200,131.400,140.605,193.500,0.5404
2025,18,21,47,67,29,20000,90.633,18.970,27.500,60.995,67.190,77.300,89.700,103.100,115.500,123.200,173.900,0.3019
