Player,GP,PTS,REB,AST,STL,BLK,FG3M,TOV,40-Point Games,50-Point Games,Double Doubles,Triple Doubles,Total Fantasy Points,Fantasy Points Per Game
Nikola Jokić,57,1591,722,609,82,47,102,220,4,2,48,29,2327.5,40.83
Luka Dončić,61,2048,478,508,99,33,242,244,14,2,33,8,2216.0,36.33
Victor Wembanyama,57,1385,636,170,58,173,111,143,2,0,37,1,1914.0,33.58
Jalen Johnson,64,1459,661,519,83,29,104,217,2,0,43,13,2039.5,31.87
Cade Cunningham,61,1497,340,603,90,52,123,226,3,0,37,3,1857.0,30.44
Tyrese Maxey,61,1767,251,407,124,50,202,149,5,1,7,0,1854.5,30.4
Shai Gilgeous-Alexander,61,1922,269,403,88,48,105,132,7,1,7,0,1840.5,30.17
Giannis Antetokounmpo,36,993,352,196,34,24,15,115,2,0,19,0,1074.0,29.83
Kawhi Leonard,56,1587,351,204,112,25,149,118,5,1,5,0,1590.0,28.39
Anthony Davis,20,407,221,56,22,33,10,41,0,0,13,0,567.5,28.38
Josh Giddey,50,881,416,458,53,21,100,180,0,0,27,12,1383.5,27.67
Alperen Sengun,62,1263,557,384,77,64,31,206,0,0,31,4,1703.0,27.47
Anthony Edwards,58,1710,296,216,81,48,200,165,10,1,2,0,1573.0,27.12
Jaylen Brown,65,1856,458,337,65,26,125,233,6,1,13,3,1760.5,27.08
Donovan Mitchell,64,1808,288,368,96,18,214,182,6,0,5,0,1724.0,26.94
Karl-Anthony Towns,68,1375,815,193,60,38,106,169,1,0,51,0,1827.5,26.88
Scottie Barnes,69,1283,538,375,95,105,61,183,0,0,26,2,1832.0,26.55
James Harden,63,1517,314,505,71,26,196,227,2,1,18,2,1667.5,26.47
Joel Embiid,34,913,255,137,21,36,45,101,1,0,8,1,895.0,26.32
Bam Adebayo,64,1297,628,189,75,43,111,107,1,1,28,0,1680.0,26.25
Jamal Murray,68,1703,295,483,62,24,208,155,4,1,16,0,1771.5,26.05
Deni Avdija,57,1371,395,381,44,35,112,219,1,0,17,3,1480.5,25.97
Evan Mobley,58,1049,514,211,45,106,60,111,0,0,23,0,1493.5,25.75
Paolo Banchero,62,1409,518,314,42,39,78,187,0,0,24,2,1578.5,25.46
Lauri Markkanen,42,1123,289,89,42,21,115,63,3,1,5,0,1069.0,25.45
Walker Kessler,5,72,54,15,7,9,6,16,0,0,2,0,126.0,25.2
Jayson Tatum,9,172,83,33,12,1,25,20,0,0,5,0,225.5,25.06
LeBron James,52,1092,310,360,59,31,68,155,0,0,13,2,1292.0,24.85
Kevin Porter Jr.,38,661,198,280,83,19,46,110,0,0,10,2,939.5,24.72
Stephen Curry,39,1061,138,189,44,16,175,111,4,0,3,0,961.0,24.64
Kevin Durant,68,1763,371,302,57,60,161,217,2,0,6,0,1660.0,24.41
Michael Porter Jr.,52,1259,367,158,55,13,176,122,0,0,12,0,1268.5,24.39
Pascal Siakam,58,1389,383,220,65,25,99,127,0,0,9,0,1409.0,24.29
Donovan Clingan,68,840,796,147,37,113,73,83,0,0,32,0,1648.5,24.24
Jalen Duren,62,1197,657,105,53,52,0,108,0,0,38,0,1500.5,24.2
Amen Thompson,69,1244,541,358,101,42,24,171,0,0,18,0,1666.0,24.14
Trey Murphy III,64,1388,365,244,98,22,212,116,3,0,4,0,1540.0,24.06
Jalen Brunson,67,1756,226,442,51,8,182,157,4,0,8,0,1610.0,24.03
LaMelo Ball,62,1220,300,440,76,15,226,172,0,0,9,1,1484.0,23.94
Cooper Flagg,60,1217,397,277,68,56,59,145,2,0,11,0,1428.0,23.8
Domantas Sabonis,19,301,216,78,18,4,5,51,0,0,12,0,452.0,23.79
Austin Reaves,47,1108,219,261,52,19,110,135,3,1,6,0,1106.0,23.53
Julius Randle,72,1515,492,367,81,17,99,195,1,0,15,3,1689.0,23.46
Chet Holmgren,63,1079,562,106,34,118,78,97,0,0,23,0,1476.5,23.44
Derrick White,69,1188,309,381,83,95,194,123,0,0,1,0,1615.0,23.41
Kennedy Chandler,2,32,10,13,4,0,3,2,0,0,0,0,46.5,23.25
Alex Sarr,47,775,346,127,39,94,49,81,0,0,12,0,1082.0,23.02
Devin Booker,57,1452,223,339,47,17,105,183,2,0,6,0,1293.5,22.69
Jimmy Butler III,38,760,211,185,55,8,32,60,0,0,3,0,861.0,22.66
Jusuf Nurkić,41,447,425,196,52,22,25,101,0,0,16,3,926.0,22.59
Rudy Gobert,69,759,791,119,54,112,0,94,0,0,29,0,1556.5,22.56
Keyonte George,54,1275,199,332,58,14,134,166,1,0,4,0,1218.5,22.56
Onyeka Okongwu,67,1032,511,216,76,72,132,117,0,0,15,0,1503.0,22.43
Zach Edey,11,150,122,12,7,21,1,26,0,0,5,0,244.5,22.23
Nikola Vučević,60,935,517,203,37,40,95,80,0,0,23,0,1332.0,22.2
Franz Wagner,28,596,161,101,30,9,42,48,0,0,0,0,611.0,21.82
Dyson Daniels,69,815,463,408,133,29,16,125,0,0,12,1,1499.5,21.73
Dejounte Murray,11,194,56,74,17,2,18,36,0,0,1,0,239.0,21.73
Brandon Ingram,68,1468,381,251,52,50,121,172,0,0,2,0,1460.5,21.48
Stephon Castle,60,991,304,426,73,19,68,188,1,0,13,3,1275.5,21.26
Immanuel Quickley,67,1132,273,402,87,5,174,101,1,0,8,0,1420.0,21.19
Ryan Rollins,69,1162,320,388,103,29,169,183,0,0,6,0,1460.5,21.17
De'Aaron Fox,63,1190,238,394,75,17,119,145,0,0,7,0,1332.5,21.15
Brandon Miller,55,1116,274,193,59,41,173,153,0,0,3,0,1161.5,21.12
Jaren Jackson Jr.,48,931,272,94,53,69,84,107,0,0,3,0,1013.5,21.11
Ja Morant,20,389,65,161,20,6,20,71,1,0,8,0,420.5,21.02
VJ Edgecombe,66,1064,376,266,94,36,135,120,0,0,6,0,1387.5,21.02
Paul George,28,459,145,104,44,14,72,44,0,0,1,0,587.5,20.98
Ivica Zubac,48,677,509,105,18,40,0,86,0,0,24,0,1006.5,20.97
Zion Williamson,56,1196,322,182,57,31,1,114,0,0,6,0,1170.5,20.9
Tyler Herro,26,553,126,99,21,9,66,52,0,0,0,0,542.5,20.87
Russell Westbrook,64,971,348,426,83,12,128,209,0,0,16,6,1332.5,20.82
Jarrett Allen,51,779,432,97,50,44,1,69,1,0,18,0,1057.0,20.73
Josh Hart,58,705,441,290,64,17,86,112,0,0,13,2,1193.5,20.58
Desmond Bane,72,1465,304,302,75,31,146,143,0,0,1,0,1481.5,20.58
Ty Jerome,15,295,42,85,16,4,42,27,0,0,0,0,308.5,20.57
Nickeil Alexander-Walker,70,1428,240,257,89,36,219,146,1,0,2,0,1427.5,20.39
Isaiah Hartenstein,41,393,388,154,42,32,0,75,0,0,11,1,824.5,20.11
Jalen Williams,28,480,128,150,33,9,21,53,0,0,1,0,560.5,20.02
Kon Knueppel,71,1352,373,242,51,17,247,140,0,0,5,0,1415.5,19.94
Kristaps Porziņģis,25,417,121,67,16,36,43,27,0,0,1,0,496.0,19.84
OG Anunoby,59,990,307,130,98,41,130,114,0,0,4,0,1165.0,19.75
Andrew Nembhard,55,938,156,417,50,7,103,133,0,0,11,0,1085.5,19.74
Jabari Smith Jr.,67,1035,453,125,53,61,147,87,0,0,12,0,1322.0,19.73
Jalen Suggs,47,650,178,247,87,35,94,120,0,0,3,1,926.0,19.7
Jrue Holiday,44,697,198,274,48,5,105,121,0,0,7,0,865.0,19.66
Mikal Bridges,73,1071,296,285,97,60,144,75,0,0,1,0,1428.5,19.57
Norman Powell,54,1200,195,139,63,13,149,107,0,0,1,0,1054.5,19.53
Miles Bridges,67,1154,393,219,41,30,133,99,0,0,7,0,1305.5,19.49
Trae Young,15,269,30,120,13,2,27,39,0,0,3,0,292.0,19.47
Andrew Wiggins,59,926,297,162,68,60,116,91,0,0,2,0,1147.0,19.44
RJ Barrett,47,896,249,155,35,15,83,80,0,0,0,0,913.5,19.44
Santi Aldama,43,602,287,126,37,31,70,55,0,0,5,0,835.0,19.42
Matas Buzelis,71,1154,400,144,50,106,164,143,1,0,3,0,1376.0,19.38
Darius Garland,36,675,86,249,32,4,97,104,1,0,6,0,696.0,19.33
Payton Pritchard,70,1162,280,366,53,9,181,94,1,0,4,0,1352.5,19.32
Kel'el Ware,68,755,629,42,55,75,75,58,0,0,23,0,1311.0,19.28
Nic Claxton,64,756,451,240,44,74,3,88,0,0,11,2,1233.5,19.27
P.J. Washington,53,754,368,97,55,59,71,91,0,0,7,0,1021.5,19.27
Kyshawn George,48,710,245,214,48,43,99,125,0,0,3,0,923.5,19.24
Saddiq Bey,66,1150,376,171,61,5,134,61,1,0,7,0,1268.0,19.21
Keegan Murray,23,321,132,38,24,36,31,27,0,0,2,0,441.0,19.17
Grayson Allen,45,777,135,185,62,12,149,72,1,0,0,0,860.0,19.11
Shaedon Sharpe,48,1025,212,126,68,6,101,144,0,0,0,0,905.0,18.85
Naz Reid,69,943,428,160,66,68,149,111,0,0,5,0,1296.0,18.78
Aaron Gordon,31,515,183,79,18,8,55,33,1,1,4,0,572.0,18.45
Collin Gillespie,72,957,298,340,92,14,220,115,0,0,2,0,1325.5,18.41
CJ McCollum,68,1275,228,256,53,28,170,124,2,0,0,0,1246.5,18.33
Anthony Black,60,917,232,229,86,41,96,125,0,0,2,0,1098.5,18.31
Neemias Queta,68,672,564,104,57,86,0,71,0,0,14,0,1233.0,18.13
Ausar Thompson,63,633,363,187,123,55,6,93,0,0,3,0,1135.5,18.02
Donte DiVincenzo,72,880,314,291,97,28,212,107,0,0,1,0,1295.0,17.99
DeMar DeRozan,72,1313,213,293,78,22,43,91,1,0,1,0,1295.0,17.99
Derik Queen,72,817,489,270,69,64,21,164,0,0,10,2,1294.0,17.97
Bennedict Mathurin,44,815,246,100,35,11,69,98,0,0,3,0,785.0,17.84
Wendell Carter Jr.,68,808,509,143,55,43,68,83,0,0,10,0,1213.0,17.84
Peyton Watson,50,745,246,99,50,58,76,86,0,0,2,0,887.5,17.75
Jaime Jaquez Jr.,66,980,333,316,50,19,42,135,0,0,5,0,1168.0,17.7
Mark Williams,56,648,452,56,51,50,1,59,0,0,14,0,989.5,17.67
Dillon Brooks,50,1044,183,88,52,8,117,89,1,0,0,0,883.5,17.67
Moussa Diabaté,64,523,562,120,48,66,1,64,0,0,18,0,1126.0,17.59
Deandre Ayton,63,781,524,54,37,56,0,78,0,0,21,0,1097.5,17.42
Jalen Slawson,5,38,23,15,8,8,6,5,0,0,0,0,87.0,17.4
Jaden McDaniels,70,1025,299,195,78,67,99,128,0,0,0,0,1218.0,17.4
Alondes Williams,4,44,25,12,3,3,5,5,0,0,1,0,69.5,17.38
Brandin Podziemski,72,932,377,271,79,14,127,116,0,0,4,0,1251.5,17.38
Andersson Garcia,5,26,42,14,8,4,1,7,0,0,0,0,86.5,17.3
Kelly Oubre Jr.,41,602,199,71,54,22,74,59,0,0,4,0,705.0,17.2
Reed Sheppard,71,960,200,242,105,48,191,114,0,0,2,0,1211.5,17.06
Myles Turner,66,785,347,97,46,100,137,81,0,0,3,0,1119.0,16.95
Coby White,41,731,147,179,24,5,99,109,0,0,1,0,691.0,16.85
Jakob Poeltl,35,363,265,73,28,26,0,45,0,0,6,0,588.5,16.81
Jerami Grant,55,1023,192,122,41,33,130,115,0,0,0,0,923.5,16.79
Jalen Green,25,443,91,73,27,3,58,55,0,0,0,0,419.5,16.78
Naji Marshall,69,1059,329,226,71,6,60,114,0,0,2,0,1156.5,16.76
Tre Jones,55,714,163,299,68,10,32,75,0,0,5,0,921.0,16.75
Cedric Coward,54,721,334,152,31,23,80,97,0,0,7,0,904.5,16.75
Toumani Camara,73,951,381,184,78,30,186,135,0,0,3,0,1217.5,16.68
Julian Reese,5,46,47,9,5,2,0,12,0,0,2,0,83.0,16.6
Bobby Portis,67,915,428,105,41,12,135,66,0,0,11,0,1109.0,16.55
Bilal Coulibaly,49,553,217,130,68,47,57,73,0,0,0,0,809.0,16.51
Kyle Filipowski,70,737,486,169,67,36,63,117,0,0,10,0,1154.0,16.49
Tobias Harris,55,731,286,133,49,21,70,56,0,0,3,0,906.5,16.48
Ajay Mitchell,50,704,173,179,66,15,54,76,0,0,1,0,818.0,16.36
Isaiah Collier,59,688,150,423,66,20,27,148,0,0,10,0,964.5,16.35
Draymond Green,59,505,330,314,51,34,89,160,0,0,2,0,953.0,16.15
Devin Vassell,57,804,216,142,47,22,142,53,0,0,0,0,916.0,16.07
Lawson Lovering,2,14,15,3,3,1,0,2,0,0,1,0,32.0,16.0
Zach LaVine,39,748,108,89,28,10,99,74,1,0,0,0,623.5,15.99
Tari Eason,49,506,308,78,60,26,78,73,0,0,6,0,783.0,15.98
Mitchell Robinson,54,296,480,50,47,62,0,39,0,0,5,0,862.0,15.96
Jaylon Tyson,64,839,328,141,50,26,130,94,0,0,7,0,1018.5,15.91
Kadary Richmond,3,25,10,8,8,1,2,2,0,0,0,0,47.5,15.83
Royce O'Neale,70,702,339,195,80,29,195,97,0,0,2,0,1105.5,15.79
Quentin Grimes,66,916,246,228,61,26,115,124,0,0,2,0,1041.5,15.78
John Collins,59,809,310,59,50,47,79,81,0,0,3,0,929.0,15.75
Daniel Gafford,51,482,356,55,38,63,0,62,0,0,10,0,802.0,15.73
Maxime Raynaud,65,775,474,82,30,36,17,79,0,0,16,0,1021.0,15.71
Ayo Dosunmu,63,915,203,223,49,16,114,83,0,0,1,0,988.5,15.69
Julian Champagnie,72,798,413,107,56,32,172,65,0,0,7,0,1123.0,15.6
Jalen Smith,53,541,355,65,24,42,82,53,0,0,9,0,819.5,15.46
Al Horford,43,357,215,112,30,50,71,41,0,0,0,0,660.0,15.35
Davion Mitchell,62,562,163,405,65,11,78,94,0,0,4,0,950.0,15.32
Precious Achiuwa,64,597,415,81,56,44,26,48,0,0,10,0,969.5,15.15
Andre Drummond,55,357,466,63,31,45,28,56,0,0,15,0,832.5,15.14
Dylan Cardwell,35,185,271,46,24,49,0,29,0,0,3,0,529.5,15.13
Ace Bailey,63,845,258,112,54,39,122,86,0,0,0,0,953.5,15.13
Cam Spencer,67,751,173,361,48,10,136,86,0,0,5,0,1012.5,15.11
Robert Williams III,50,342,349,52,31,76,7,43,0,0,4,0,750.5,15.01
Scotty Pippen Jr.,10,114,22,47,19,4,10,27,0,0,0,0,150.0,15.0
Christian Braun,37,435,181,106,26,10,35,40,0,0,0,0,554.0,14.97
De'Anthony Melton,41,533,127,100,64,17,61,76,0,0,0,0,610.0,14.88
Jarace Walker,72,837,371,176,58,24,126,130,0,0,3,0,1065.5,14.8
Day'Ron Sharpe,62,540,413,145,67,26,9,106,0,0,5,0,917.5,14.8
Aaron Nesmith,44,595,180,84,25,23,101,58,0,0,0,0,650.0,14.77
Kyle Kuzma,65,850,295,167,42,25,80,106,0,0,4,0,959.0,14.75
Jonathan Kuminga,29,357,176,72,17,7,29,63,0,0,1,0,427.0,14.72
Sandro Mamukelashvili,69,748,331,130,55,38,92,56,0,0,3,0,1014.0,14.7
Herbert Jones,50,456,177,142,84,24,71,65,0,0,0,0,733.5,14.67
Steven Adams,32,187,276,48,22,20,0,35,0,0,3,0,469.5,14.67
Jeremiah Fears,73,954,261,234,82,24,85,162,0,0,2,0,1066.5,14.61
Max Strus,5,46,31,11,3,0,12,4,0,0,0,0,73.0,14.6
Jordan Goodwin,63,548,308,136,93,12,96,61,0,0,2,0,917.0,14.56
Miles McBride,35,451,91,97,30,6,102,28,0,0,0,0,508.5,14.53
Jay Huff,73,692,280,97,38,135,105,62,0,0,1,0,1060.5,14.53
Cason Wallace,70,593,218,189,140,26,87,69,0,0,1,0,1011.0,14.44
Jock Landale,66,691,373,110,35,34,71,58,0,0,8,0,952.0,14.42
Moses Moody,60,728,200,98,58,34,151,57,0,0,0,0,864.5,14.41
Keldon Johnson,72,933,391,95,40,9,87,62,0,0,5,0,1037.0,14.4
Isaiah Stewart,55,552,281,66,15,90,39,63,0,0,2,0,791.5,14.39
Noah Clowney,62,773,256,104,46,41,125,96,0,0,1,0,888.0,14.32
Cameron Johnson,47,559,175,110,33,17,92,40,0,0,1,0,671.5,14.29
Dylan Harper,59,680,199,227,46,19,48,82,0,0,0,0,838.0,14.2
Derrick Jones Jr.,40,442,128,58,40,42,49,32,0,0,0,0,563.5,14.09
Marvin Bagley III,54,542,332,75,25,38,16,58,0,0,6,0,760.0,14.07
Brandon Williams,60,769,176,226,55,19,35,112,0,0,1,0,841.0,14.02
Luke Kornet,61,402,382,111,27,64,0,26,0,0,3,0,853.0,13.98
Dennis Schröder,62,684,171,303,49,10,71,113,0,0,2,0,858.5,13.85
Collin Murray-Boyles,48,375,237,94,45,46,17,53,0,0,3,0,659.0,13.73
De'Andre Hunter,45,615,185,90,30,6,75,75,0,0,0,0,617.0,13.71
Jaylin Williams,58,433,316,144,28,37,90,63,0,0,5,0,793.5,13.68
Collin Sexton,58,854,117,195,57,8,89,121,0,0,1,0,793.5,13.68
Bub Carrington,71,721,255,323,46,15,138,160,0,0,0,0,969.5,13.65
Sam Merrill,47,614,122,108,27,7,149,40,0,0,1,0,640.5,13.63
Scoot Henderson,21,283,59,81,14,7,37,57,0,0,0,0,285.0,13.57
Justin Champagnie,61,505,337,69,52,38,45,39,0,0,3,0,825.0,13.52
Egor Dëmin,52,536,165,173,42,17,124,86,0,0,1,0,701.0,13.48
Ryan Kalkbrenner,59,469,335,45,30,86,0,56,0,0,3,0,793.5,13.45
Kris Dunn,72,551,238,262,115,11,73,97,0,0,0,0,967.0,13.43
T.J. McConnell,54,508,119,275,56,9,14,63,0,0,1,0,723.0,13.39
Max Christie,67,845,223,135,40,22,159,87,0,0,0,0,897.0,13.39
Anfernee Simons,55,785,135,134,27,8,146,68,0,0,0,0,736.5,13.39
Kevin Huerter,60,581,210,147,51,32,80,56,0,0,1,0,798.5,13.31
GG Jackson,48,567,203,66,28,37,52,71,0,0,1,0,638.5,13.3
Duncan Robinson,70,836,190,144,40,22,199,48,0,0,0,0,927.5,13.25
Marcus Smart,60,568,165,168,84,22,96,87,0,0,0,0,790.0,13.17
Jordan Poole,35,467,70,106,20,14,85,60,0,0,0,0,460.0,13.14
Danny Wolf,57,508,281,127,30,32,68,73,0,0,2,0,749.0,13.14
Pelle Larsson,62,680,209,206,43,15,56,86,0,0,0,0,813.0,13.11
Chaney Johnson,9,70,43,21,9,5,5,12,0,0,0,0,117.5,13.06
Tim Hardaway Jr.,72,996,190,98,36,9,204,41,0,0,0,0,937.0,13.01
Leaky Black,6,53,30,8,3,4,9,5,0,0,0,0,78.0,13.0
Vince Williams Jr.,40,300,155,166,29,16,55,70,0,0,1,0,519.5,12.99
Brice Sensabaugh,67,944,203,111,48,9,135,100,2,0,0,0,869.5,12.98
Jaylen Wells,69,865,220,111,61,9,129,74,0,0,0,0,894.0,12.96
Zaccharie Risacher,59,589,232,71,54,33,88,54,0,0,0,0,761.5,12.91
Tyler Burton,7,73,34,6,6,2,11,8,0,0,0,0,90.0,12.86
Javon Small,35,323,111,128,26,9,49,45,0,0,0,0,450.0,12.86
Khris Middleton,54,576,205,158,40,9,58,93,0,0,2,0,687.0,12.72
Tristan da Silva,67,659,251,102,62,23,110,55,0,0,0,0,852.5,12.72
Dominick Barlow,62,500,297,80,56,44,21,52,0,0,2,0,787.5,12.7
Zach Collins,10,97,56,15,2,4,9,10,0,0,1,0,127.0,12.7
Yves Missi,60,330,347,76,20,89,0,49,0,0,4,0,761.0,12.68
Malik Monk,56,709,108,166,32,20,114,81,0,0,0,0,708.5,12.65
Jake LaRavia,73,614,280,131,88,32,71,75,0,0,1,0,919.5,12.6
Cameron Payne,19,157,38,56,24,6,32,11,0,0,1,0,238.5,12.55
Lonzo Ball,35,160,140,136,45,9,40,52,0,0,0,0,432.0,12.34
Oso Ighodaro,73,468,360,159,70,46,0,90,0,0,4,0,899.0,12.32
Sam Hauser,69,616,267,99,37,22,173,32,0,0,0,0,846.5,12.27
Bez Mbeng,6,27,23,22,9,3,2,10,0,0,0,0,73.5,12.25
Kevin Love,37,248,215,67,14,9,53,30,0,0,2,0,450.5,12.18
Tre Johnson,56,692,156,112,31,18,110,86,0,0,0,0,681.0,12.16
Dereck Lively II,7,30,37,13,4,11,0,10,0,0,0,0,85.0,12.14
Aaron Wiggins,57,557,187,98,54,26,87,76,0,0,0,0,691.0,12.12
DeJon Jarreau,6,39,31,23,4,2,2,14,0,0,0,0,72.5,12.08
Caleb Love,45,507,114,122,27,4,93,61,0,0,0,0,537.0,11.93
Isaiah Joe,64,693,170,90,45,11,156,40,0,0,0,0,756.5,11.82
Harrison Barnes,67,686,196,135,45,11,125,57,0,0,0,0,791.5,11.81
Luguentz Dort,60,507,227,74,48,25,111,50,0,0,0,0,706.0,11.77
Gui Santos,61,504,231,138,52,21,65,85,0,0,3,0,717.5,11.76
Isaiah Jackson,53,354,280,49,35,47,0,56,0,0,7,0,621.0,11.72
Micah Potter,38,334,165,55,17,13,51,31,0,0,3,0,444.5,11.7
Jamal Shead,71,463,135,372,63,12,72,95,0,0,1,0,830.5,11.7
Paul Reed,55,390,239,62,47,47,11,48,0,0,2,0,643.5,11.7
Klay Thompson,62,738,135,84,32,18,185,58,0,0,0,0,722.5,11.65
Brook Lopez,65,510,206,80,39,70,95,52,0,0,1,0,755.5,11.62
Bruce Brown,73,562,283,155,73,18,49,81,0,0,1,0,845.5,11.58
Ronald Holland II,68,562,283,85,80,21,38,85,0,0,2,0,787.0,11.57
Rui Hachimura,59,657,189,50,32,18,102,38,0,0,0,0,680.5,11.53
Goga Bitadze,54,305,258,71,32,52,2,29,0,0,1,0,622.5,11.53
Ziaire Williams,52,520,128,53,65,20,82,53,0,0,0,0,599.0,11.52
Kyle Anderson,34,220,115,93,33,18,4,33,0,0,0,0,389.0,11.44
Obi Toppin,15,141,60,31,9,1,17,19,0,0,0,0,171.0,11.4
D'Angelo Russell,26,264,61,104,12,2,33,49,0,0,1,0,293.5,11.29
Nique Clifford,67,519,240,145,63,21,65,90,0,0,0,0,755.0,11.27
Jose Alvarado,62,445,152,211,59,6,91,65,0,0,1,0,697.0,11.24
Dean Wade,57,331,240,86,43,22,68,16,0,0,1,0,640.5,11.24
Jordan Miller,51,498,158,110,37,8,29,54,0,0,1,0,568.5,11.15
Dru Smith,67,388,172,178,98,21,38,55,0,0,0,0,746.0,11.13
Craig Porter Jr.,58,258,193,187,55,32,30,54,0,0,0,0,644.0,11.1
Quinten Post,66,513,267,94,26,34,93,56,0,0,0,0,728.0,11.03
Alex Caruso,50,320,138,100,69,17,47,43,0,0,0,0,550.5,11.01
Jamir Watkins,39,247,140,47,42,21,32,25,0,0,0,0,427.5,10.96
Daeqwon Plowden,23,223,71,26,16,4,37,15,0,0,0,0,252.0,10.96
Daniss Jenkins,62,526,125,212,56,12,58,88,0,0,2,0,679.0,10.95
Terance Mann,59,430,187,183,36,14,51,66,0,0,0,0,644.5,10.92
Isaac Okoro,56,509,152,88,38,24,65,41,0,0,0,0,610.0,10.89
Ryan Dunn,63,371,262,90,54,27,53,49,0,0,1,0,678.0,10.76
Jonas Valančiūnas,58,480,284,68,14,31,6,65,0,0,3,0,623.0,10.74
Kentavious Caldwell-Pope,51,428,125,139,43,8,55,61,0,0,0,0,546.5,10.72
AJ Green,67,642,167,123,31,5,185,58,0,0,0,0,717.5,10.71
Taylor Hendricks,53,390,191,52,42,29,56,44,0,0,2,0,566.0,10.68
DeAndre Jordan,10,41,64,8,3,8,0,9,0,0,0,0,105.5,10.55
Vít Krejčí,64,548,148,100,47,18,128,41,0,0,0,0,675.0,10.55
Cam Thomas,42,567,71,108,9,4,52,74,1,0,0,0,441.5,10.51
Gary Payton II,64,450,223,110,56,19,36,56,0,0,2,0,672.0,10.5
Jaxson Hayes,61,429,248,54,27,45,2,26,0,0,1,0,636.5,10.43
Caris LeVert,52,380,101,141,46,32,53,73,0,0,0,0,541.5,10.41
Grant Williams,28,191,108,48,11,12,38,25,0,0,0,0,291.5,10.41
Olivier-Maxence Prosper,47,416,161,45,34,12,46,42,0,0,1,0,488.0,10.38
Walter Clayton Jr.,61,448,122,236,41,16,61,95,0,0,0,0,631.5,10.35
Simone Fontecchio,64,544,198,94,34,9,111,47,0,0,0,0,658.5,10.29
Kris Murray,48,285,179,63,46,19,29,37,0,0,0,0,492.0,10.25
John Konchar,46,164,159,70,61,26,20,27,0,0,0,0,468.0,10.17
Svi Mykhailiuk,48,438,118,91,24,3,89,39,0,0,0,0,487.5,10.16
Jaden Ivey,37,316,91,68,23,14,50,41,0,0,0,0,375.0,10.14
Nikola Jović,46,339,153,100,26,17,44,65,0,0,0,0,465.5,10.12
Landry Shamet,46,442,85,67,27,9,95,28,0,0,0,0,464.5,10.1
Nolan Traore,49,408,81,183,33,20,49,107,0,0,1,0,492.5,10.05
Adem Bona,63,306,285,28,27,80,2,51,0,0,1,0,631.0,10.02
MarJon Beauchamp,11,89,31,14,9,4,15,13,0,0,0,0,110.0,10.0
Josh Minott,44,299,144,42,37,19,54,36,0,0,1,0,439.5,9.99
Ryan Nembhard,51,325,99,252,19,1,43,71,0,0,3,0,507.0,9.94
Elijah Harkless,23,153,41,62,27,4,18,23,0,0,1,0,228.5,9.93
Luka Garza,62,469,243,57,25,24,47,43,0,0,1,0,614.0,9.9
Pat Spencer,56,384,125,191,40,4,48,68,0,0,1,0,553.0,9.88
Javonte Green,72,489,196,49,90,22,76,42,0,0,1,0,710.5,9.87
Malachi Smith,6,37,13,16,6,3,5,9,0,0,0,0,59.0,9.83
Trendon Watford,50,338,173,129,16,21,10,62,0,0,1,1,491.0,9.82
Will Richard,62,428,158,86,77,7,68,52,0,0,0,0,608.0,9.81
Tristan Vukcevic,46,400,140,52,17,31,44,60,0,0,1,0,451.0,9.8
Cam Whitmore,21,193,58,15,15,8,16,18,0,0,0,0,205.5,9.79
Karlo Matković,59,338,217,49,24,51,38,31,0,0,1,0,574.0,9.73
Devin Carter,29,217,78,63,24,5,15,33,0,0,0,0,282.0,9.72
Luke Kennard,69,558,150,135,44,8,107,51,0,0,0,0,670.5,9.72
Keon Ellis,64,407,116,58,76,44,80,37,0,0,0,0,620.5,9.7
Ben Sheppard,61,432,185,106,36,5,81,38,0,0,0,0,591.5,9.7
Jarred Vanderbilt,57,255,257,70,47,18,27,49,0,0,1,0,550.0,9.65
Cody Williams,57,423,159,89,38,24,25,51,0,0,1,0,546.0,9.58
Jordan Walsh,58,308,237,43,41,24,40,32,0,0,2,0,554.0,9.55
Corey Kispert,52,483,126,88,15,7,76,41,0,0,0,0,496.5,9.55
Bones Hyland,63,505,103,159,35,14,94,58,0,0,0,0,601.5,9.55
Sion James,72,391,249,141,42,20,73,60,0,0,0,0,686.0,9.53
Spencer Jones,61,348,201,50,50,28,57,30,0,0,1,0,580.5,9.52
Ja'Kobe Walter,61,431,147,66,59,12,83,31,0,0,0,0,581.0,9.52
Cole Anthony,35,234,87,121,20,11,22,65,0,0,0,0,333.0,9.51
Will Riley,63,563,161,108,38,6,62,74,0,0,1,0,596.5,9.47
Blake Hinson,10,96,24,8,1,1,25,2,0,0,0,0,94.5,9.45
Matisse Thybulle,21,103,35,17,40,10,22,16,0,0,0,0,198.5,9.45
Quenton Jackson,40,334,87,96,22,6,35,47,0,0,1,0,377.5,9.44
Oscar Tshiebwe,17,97,81,14,8,3,0,5,0,0,0,0,160.5,9.44
Kevon Looney,18,52,96,25,6,9,1,8,0,0,0,0,169.5,9.42
Kasparas Jakučionis,46,271,123,114,31,5,56,43,0,0,0,0,429.5,9.34
Bryce McGowens,42,340,88,62,27,8,38,17,0,0,0,0,392.0,9.33
Killian Hayes,14,71,37,48,7,3,10,15,0,0,0,0,130.5,9.32
Bogdan Bogdanović,21,154,56,51,10,1,28,26,0,0,0,0,194.0,9.24
Mouhamed Gueye,69,314,248,61,57,35,35,33,0,0,3,0,637.5,9.24
Johnny Furphy,35,180,153,41,20,7,23,29,0,0,1,0,321.5,9.19
Moussa Cisse,34,127,166,8,12,37,0,25,0,0,1,0,311.5,9.16
Patrick Williams,62,427,175,82,39,20,82,62,0,0,0,0,567.5,9.15
Clint Capela,64,240,290,42,31,51,0,35,0,0,0,0,581.0,9.08
Tidjane Salaün,36,222,149,27,16,7,36,25,0,0,1,0,327.0,9.08
Jared McCain,58,497,122,80,32,5,92,47,0,0,0,0,523.5,9.03
Buddy Hield,49,359,113,68,38,9,67,47,0,0,0,0,441.0,9.0
Kenrich Williams,48,318,153,65,29,5,44,37,0,0,0,0,430.0,8.96
Nick Richards,48,276,243,16,10,32,5,59,0,0,4,0,428.5,8.93
Moritz Wagner,30,228,102,23,14,1,21,17,0,0,0,0,262.5,8.75
Jahmai Mashack,24,119,52,32,29,12,14,23,0,0,0,0,209.5,8.73
Baylor Scheierman,67,330,236,92,37,5,74,36,0,0,4,0,582.0,8.69
Isaiah Stevens,3,10,3,10,5,0,0,2,0,0,0,0,26.0,8.67
Jevon Carter,43,285,75,69,30,9,68,28,0,0,0,0,370.5,8.62
Tyrese Martin,45,290,116,78,25,6,53,40,0,0,0,0,387.5,8.61
Kobe Sanders,59,418,142,100,40,8,67,75,0,0,0,0,505.5,8.57
Nae'Qwan Tomlin,57,318,154,43,39,30,20,23,0,0,0,0,481.0,8.44
Sidy Cissoko,66,374,153,101,50,24,59,65,0,0,0,0,553.5,8.39
Jordan Clarkson,63,567,108,86,26,9,70,59,0,0,0,0,523.5,8.31
Jeremiah Robinson-Earl,22,101,103,15,9,1,10,12,0,0,0,0,181.5,8.25
Jamaree Bouyea,39,224,71,68,27,14,20,22,0,0,0,0,321.0,8.23
Ousmane Dieng,46,273,114,74,16,14,52,35,0,0,2,0,377.5,8.21
Justin Edwards,56,354,89,76,48,11,61,34,0,0,0,0,456.5,8.15
Thomas Bryant,55,326,175,31,17,24,40,23,0,0,0,0,448.0,8.15
Seth Curry,4,27,6,7,2,0,4,0,0,0,0,0,32.5,8.12
Mike Conley,47,195,80,134,26,12,42,27,0,0,0,0,381.5,8.12
Haywood Highsmith,6,33,13,7,4,0,8,0,0,0,0,0,48.5,8.08
Noah Penda,53,224,181,63,29,18,29,40,0,0,2,0,426.5,8.05
Mo Bamba,4,10,22,1,0,3,0,2,0,0,0,0,32.0,8.0
Skal Labissiere,3,13,9,3,2,1,1,1,0,0,0,0,24.0,8.0
Jericho Sims,56,228,276,63,11,13,0,57,0,0,3,0,447.0,7.98
Ben Saraf,35,223,57,108,30,5,13,74,0,0,0,0,279.0,7.97
Sharife Cooper,30,206,66,75,9,4,18,40,0,0,0,0,239.0,7.97
KJ Simpson,17,89,34,43,16,0,12,24,0,0,0,0,135.5,7.97
Guerschon Yabusele,60,305,195,53,23,13,59,35,0,0,4,0,471.0,7.85
Jalen Pickett,45,231,107,104,13,4,44,30,0,0,0,0,352.5,7.83
Josh Okogie,68,324,177,56,58,13,59,37,0,0,1,0,530.5,7.8
John Poulakidas,4,22,10,3,3,0,6,2,0,0,0,0,31.0,7.75
Tolu Smith,9,37,35,7,2,5,0,5,0,0,0,0,69.5,7.72
Mac McClung,4,23,5,2,5,2,2,3,0,0,0,0,30.5,7.62
Nicolas Batum,66,266,170,59,45,21,83,36,0,0,0,0,499.5,7.57
Hugo González,67,266,231,39,38,21,37,35,0,0,2,0,506.5,7.56
Gary Trent Jr.,59,455,61,71,28,3,108,31,0,0,0,0,444.5,7.53
Brandon Clarke,2,8,6,1,2,0,0,0,0,0,0,0,15.0,7.5
Taurean Prince,16,97,33,14,9,2,24,10,0,0,0,0,119.5,7.47
Ethan Thompson,24,123,44,35,15,6,23,16,0,0,0,0,178.0,7.42
Gradey Dick,66,423,139,49,43,7,54,39,0,0,1,0,488.5,7.4
PJ Hall,19,86,75,10,3,10,3,16,0,0,1,0,140.5,7.39
Drew Eubanks,42,219,127,19,15,26,1,30,0,0,1,0,309.0,7.36
Jaden Hardy,50,437,76,45,14,5,84,53,0,0,0,0,366.5,7.33
Tre Mann,47,279,89,84,24,5,50,53,0,0,0,0,342.5,7.29
LJ Cryer,12,99,21,7,2,0,26,7,0,0,0,0,87.5,7.29
Myron Gardner,39,154,116,39,19,7,26,14,0,0,1,0,284.0,7.28
Dwight Powell,53,168,196,49,25,17,1,31,0,0,3,0,385.5,7.27
Marcus Sasser,28,155,30,58,20,2,34,23,0,0,0,0,203.5,7.27
Christian Koloko,24,64,72,15,13,21,1,13,0,0,0,0,174.5,7.27
Leonard Miller,36,207,109,24,10,8,16,20,0,0,1,0,261.5,7.26
Rob Dillingham,55,296,97,122,39,4,29,69,0,0,0,0,398.5,7.25
Chris Paul,16,47,28,53,11,0,10,16,0,0,0,0,115.5,7.22
Caleb Martin,58,227,143,81,40,15,20,40,0,0,0,0,417.5,7.2
Julian Strawther,48,324,92,48,21,4,42,29,0,0,0,0,344.0,7.17
Colby Jones,1,2,4,2,0,0,0,0,0,0,0,0,7.0,7.0
Markelle Fultz,1,2,0,5,2,0,0,3,0,0,0,0,7.0,7.0
Anthony Gill,44,190,114,44,23,16,10,29,0,0,0,0,307.0,6.98
Blake Wesley,25,131,33,61,16,3,10,29,0,0,0,0,173.5,6.94
Jabari Walker,60,267,186,33,23,13,31,26,0,0,2,0,416.0,6.93
Tyler Kolek,58,257,93,160,21,4,41,53,0,0,2,0,401.0,6.91
Grant Nelson,4,17,6,5,1,5,0,4,0,0,0,0,27.5,6.88
Cody Martin,4,7,14,2,4,2,0,4,0,0,0,0,27.5,6.88
Drake Powell,54,325,91,80,25,10,40,53,0,0,0,0,370.5,6.86
Branden Carlson,36,170,93,21,6,18,21,13,0,0,1,0,245.5,6.82
Josh Green,48,232,96,43,31,5,53,29,0,0,0,0,324.5,6.76
Trayce Jackson-Davis,47,167,138,37,16,22,1,21,0,0,1,0,315.0,6.7
Bradley Beal,6,49,5,10,3,0,7,9,0,0,0,0,40.0,6.67
Rayan Rupert,59,244,146,46,44,6,37,41,0,0,0,0,391.5,6.64
Yuki Kawamura,11,33,21,32,6,0,5,11,0,0,0,0,73.0,6.64
Dalen Terry,47,174,84,66,29,15,24,26,0,0,0,0,311.0,6.62
Kobe Brown,53,255,138,51,16,10,38,42,0,0,0,0,345.5,6.52
Ochai Agbaji,58,280,130,44,23,17,30,31,0,0,0,0,378.0,6.52
Charles Bassey,5,13,17,2,2,2,0,1,0,0,0,0,32.5,6.5
Patrick Baldwin Jr.,9,33,23,5,3,5,6,5,0,0,0,0,58.5,6.5
Kam Jones,30,123,43,80,14,0,17,27,0,0,1,0,195.0,6.5
Yanic Konan Niederhäuser,41,176,117,12,5,30,1,23,0,0,0,0,264.5,6.45
Larry Nance Jr.,29,95,75,27,15,4,18,13,0,0,0,0,183.5,6.33
Pete Nance,38,177,86,28,9,9,35,17,0,0,0,0,239.0,6.29
Asa Newell,40,201,81,20,15,13,27,21,0,0,1,0,251.0,6.28
Jett Howard,50,271,83,43,10,10,49,13,0,0,0,0,313.0,6.26
Zeke Nnaji,48,179,126,24,17,21,13,25,0,0,2,0,299.0,6.23
Chris Boucher,9,21,18,3,5,7,2,1,0,0,0,0,55.5,6.17
Dorian Finney-Smith,34,107,88,34,15,6,25,21,0,0,0,0,209.0,6.15
Nate Williams,10,68,17,9,3,0,7,8,0,0,0,0,61.5,6.15
Tyus Jones,63,185,67,151,36,3,36,22,0,0,0,0,384.5,6.1
Micah Peavy,52,204,95,48,31,6,21,15,0,0,0,0,314.5,6.05
Alex Morales,1,2,3,4,0,0,0,2,0,0,0,0,6.0,6.0
Cormac Ryan,1,5,0,1,1,0,1,0,0,0,0,0,6.0,6.0
Garrison Mathews,15,78,17,10,6,3,17,3,0,0,0,0,89.5,5.97
Jonathan Isaac,52,134,132,22,20,31,7,18,0,0,0,0,308.5,5.93
Jalen Wilson,46,256,78,28,18,2,47,25,0,0,0,0,272.5,5.92
Carter Bryant,61,240,154,32,12,17,42,26,0,0,0,0,359.0,5.89
Rasheer Fleming,47,184,104,11,16,18,36,17,0,0,0,0,276.0,5.87
Gabe Vincent,45,203,44,62,22,2,52,19,0,0,0,0,262.5,5.83
RayJ Dennis,16,64,23,30,4,4,12,15,0,0,0,0,92.0,5.75
Liam McNeeley,29,122,66,23,5,3,23,13,0,0,0,0,164.5,5.67
Keshon Gilbert,3,6,5,3,2,4,0,6,0,0,0,0,17.0,5.67
Aaron Holiday,46,253,40,47,22,4,51,30,0,0,0,0,261.0,5.67
Jaylen Clark,61,231,107,34,39,8,26,20,0,0,0,0,343.5,5.63
Tony Bradley,38,151,107,20,6,7,1,17,0,0,0,0,212.0,5.58
Taelon Peter,31,122,42,32,17,4,31,20,0,0,0,0,172.5,5.56
Luke Travers,12,28,24,9,7,4,1,3,0,0,0,0,66.5,5.54
Jeremy Sochan,40,137,92,34,15,6,9,20,0,0,0,0,221.0,5.53
Nick Smith Jr.,25,146,20,28,9,2,27,19,0,0,0,0,137.5,5.5
Keaton Wallace,49,174,51,85,21,5,37,25,0,0,0,0,268.5,5.48
Eric Gordon,6,33,2,3,4,1,8,3,0,0,0,0,32.5,5.42
Doug McDermott,21,111,23,12,4,3,33,9,0,0,0,0,112.0,5.33
Malaki Branham,28,128,44,23,10,3,14,15,0,0,0,0,149.0,5.32
Tyrese Proctor,43,201,44,55,19,0,36,27,0,0,0,0,228.5,5.31
Malevy Leons,18,47,36,10,8,7,3,6,0,0,0,0,95.0,5.28
David Jones Garcia,11,32,13,18,6,1,3,5,0,0,0,0,57.5,5.23
Omer Yurtseven,5,16,16,4,2,0,0,6,0,0,0,0,26.0,5.2
Jase Richardson,47,219,55,54,16,2,27,24,0,0,0,0,244.0,5.19
Tyson Etienne,16,95,11,15,3,0,25,9,0,0,0,0,83.0,5.19
Keshad Johnson,26,100,50,4,10,7,12,12,0,0,1,0,133.0,5.12
Taj Gibson,5,13,13,1,1,1,2,0,0,0,0,0,25.5,5.1
Ron Harper Jr.,24,82,37,15,4,8,21,5,0,0,0,0,122.5,5.1
Kelly Olynyk,39,123,71,44,14,3,11,23,0,0,0,0,193.0,4.95
Mason Plumlee,17,27,46,17,8,0,0,9,0,0,0,0,83.5,4.91
Gary Harris,45,116,56,46,25,7,26,18,0,0,0,0,219.0,4.87
Ariel Hukporti,49,88,135,24,8,23,1,28,0,0,0,0,237.5,4.85
E.J. Liddell,18,48,33,13,3,7,7,7,0,0,0,0,86.5,4.81
Miles Kelly,14,43,24,12,4,1,10,6,0,0,0,0,66.5,4.75
Jamal Cain,30,126,45,16,7,2,18,11,0,0,0,0,140.0,4.67
DaRon Holmes II,20,83,30,16,0,4,18,11,0,0,0,0,93.5,4.67
Monte Morris,6,18,7,9,1,1,2,2,0,0,0,0,28.0,4.67
Maxi Kleber,37,78,71,23,15,10,6,14,0,0,0,0,172.0,4.65
A.J. Lawson,14,49,23,3,4,3,8,4,0,0,0,0,64.5,4.61
Dalton Knecht,48,201,68,16,10,10,31,20,0,0,0,0,220.0,4.58
Jordan Hawkins,43,163,65,27,8,7,31,23,0,0,0,0,196.0,4.56
David Roddy,2,2,4,2,1,0,0,0,0,0,0,0,9.0,4.5
Mohamed Diawara,62,223,87,43,14,6,47,28,0,0,0,0,277.0,4.47
Joan Beringer,33,93,64,8,4,14,0,8,0,0,0,0,146.5,4.44
Khaman Maluach,38,94,82,6,4,21,3,23,0,0,0,0,163.5,4.3
Wendell Moore Jr.,5,10,6,3,2,2,0,1,0,0,0,0,21.0,4.2
Isaiah Livers,36,65,61,21,13,8,12,12,0,0,0,0,150.5,4.18
Terrence Shannon Jr.,33,135,33,21,11,1,20,18,0,0,0,0,137.5,4.17
Cam Christie,48,150,70,29,16,3,12,20,0,0,0,0,198.0,4.12
Drew Timme,21,72,27,16,5,0,8,7,0,0,0,0,86.0,4.1
Pat Connaughton,35,101,52,17,10,1,19,9,0,0,0,0,142.0,4.06
Colin Castleton,1,2,4,1,0,0,0,2,0,0,0,0,4.0,4.0
Sean Pedulla,3,13,1,3,0,0,3,0,0,0,0,0,12.0,4.0
Trey Alexander,5,14,4,5,1,1,2,1,0,0,0,0,20.0,4.0
Julian Phillips,43,116,46,8,21,7,17,8,0,0,0,0,168.5,3.92
Duop Reath,32,94,38,10,5,8,23,7,0,0,0,0,125.5,3.92
Emanuel Miller,5,15,3,4,2,0,2,0,0,0,0,0,19.5,3.9
Jamison Battle,53,176,81,22,6,2,34,19,0,0,0,0,205.0,3.87
Amir Coffey,43,125,52,24,8,5,13,6,0,0,0,0,165.0,3.84
Hunter Tyson,21,46,36,17,2,1,7,5,0,0,0,0,80.5,3.83
TyTy Washington Jr.,10,21,3,14,4,2,3,3,0,0,0,0,38.0,3.8
JD Davison,25,55,23,28,5,4,8,7,0,0,0,0,93.5,3.74
Alijah Martin,16,40,14,8,7,3,3,4,0,0,0,0,59.5,3.72
Norchad Omier,3,8,4,1,1,0,0,0,0,0,0,0,11.0,3.67
James Wiseman,4,13,8,3,0,1,0,5,0,0,0,0,14.5,3.62
Jonathan Mogbo,31,47,52,16,9,6,0,10,0,0,0,0,111.5,3.6
Drew Peterson,6,5,9,2,3,1,0,0,0,0,0,0,21.5,3.58
Jae'Sean Tate,36,92,48,17,9,3,8,11,0,0,0,0,128.0,3.56
AJ Johnson,40,112,46,36,9,2,9,24,0,0,0,0,140.5,3.51
Chris Livingston,3,9,3,1,1,0,0,0,0,0,0,0,10.5,3.5
Rocco Zikarsky,4,6,5,0,0,3,0,0,0,0,0,0,14.0,3.5
Lachlan Olbrich,27,36,50,17,6,2,2,8,0,0,0,0,94.0,3.48
Jordan McLaughlin,38,76,26,35,17,2,16,14,0,0,0,0,131.0,3.45
Bronny James,33,70,16,39,13,3,12,14,0,0,0,0,114.0,3.45
Kobe Bufkin,11,33,9,5,2,3,3,4,0,0,0,0,38.0,3.45
Amari Williams,19,24,31,8,2,9,0,8,0,0,0,0,65.0,3.42
Kevin McCullar Jr.,20,36,26,19,7,0,6,12,0,0,0,0,68.0,3.4
Xavier Tillman,25,36,38,11,8,3,3,7,0,0,0,0,83.5,3.34
Brooks Barnhizer,36,47,63,18,6,4,5,8,0,0,0,0,119.0,3.31
Chaz Lanier,26,65,19,14,7,0,16,2,0,0,0,0,85.5,3.29
Bobi Klintman,11,20,18,6,3,0,4,6,0,0,0,0,36.0,3.27
Orlando Robinson,4,7,4,3,1,0,1,0,0,0,0,0,13.0,3.25
Nikola Topić,5,16,8,10,0,0,2,11,0,0,0,0,16.0,3.2
Riley Minix,5,13,5,3,1,0,1,1,0,0,0,0,16.0,3.2
Tristan Enaruna,6,13,9,3,1,0,1,2,0,0,0,0,19.0,3.17
Antonio Reeves,9,27,8,2,1,0,7,1,0,0,0,0,28.0,3.11
Yang Hansen,40,89,61,22,3,9,5,30,0,0,0,0,124.0,3.1
Dillon Jones,6,7,6,4,2,0,1,0,0,0,0,0,18.0,3.0
Chris Youngblood,33,71,28,12,4,3,18,2,0,0,0,0,96.5,2.92
Lindy Waters III,37,88,27,18,5,1,25,6,0,0,0,0,107.5,2.91
Johni Broome,11,10,16,4,3,2,0,3,0,0,0,0,32.0,2.91
Andre Jackson Jr.,38,50,42,33,9,2,7,16,0,0,0,0,109.5,2.88
N'Faly Dante,4,3,7,0,2,0,0,1,0,0,0,0,11.5,2.88
Chris Mañon,6,2,6,1,3,2,0,1,0,0,0,0,17.0,2.83
Kyle Lowry,13,17,9,11,2,2,4,4,0,0,0,0,34.5,2.65
Isaiah Crawford,12,17,10,4,2,3,2,2,0,0,0,0,31.5,2.62
Nigel Hayes-Davis,27,34,33,7,8,2,2,8,0,0,0,0,70.0,2.59
Koby Brea,6,16,2,3,0,0,4,0,0,0,0,0,15.0,2.5
Zyon Pullin,2,4,0,3,1,0,0,2,0,0,0,0,5.0,2.5
Jayson Kent,2,5,2,0,0,0,1,0,0,0,0,0,5.0,2.5
Enrique Freeman,2,0,3,0,0,1,0,0,0,0,0,0,5.0,2.5
Adou Thiero,20,29,20,6,5,2,0,5,0,0,0,0,49.5,2.48
Thanasis Antetokounmpo,29,36,24,7,9,5,0,6,0,0,0,0,71.0,2.45
Dalano Banton,5,10,1,4,1,1,0,2,0,0,0,0,12.0,2.4
Jeff Green,26,59,19,5,1,1,12,1,0,0,0,0,62.5,2.4
Johnny Juzang,21,43,17,6,2,1,6,5,0,0,0,0,48.5,2.31
Javonte Cooke,19,23,19,7,6,0,3,9,0,0,0,0,42.0,2.21
Trey Jemison III,11,9,16,3,1,2,0,6,0,0,0,0,23.5,2.14
Pacôme Dadiet,25,29,20,10,3,1,5,2,0,0,0,0,53.0,2.12
Stanley Umude,2,2,0,1,1,0,0,0,0,0,0,0,4.0,2.0
Curtis Jones,6,9,5,3,0,0,1,1,0,0,0,0,12.0,2.0
Chucky Hepburn,2,0,1,2,1,0,0,1,0,0,0,0,4.0,2.0
Payton Sandfort,1,3,1,0,0,0,1,1,0,0,0,0,2.0,2.0
Caleb Houstan,16,31,7,3,2,1,8,4,0,0,0,0,31.5,1.97
Joe Ingles,24,19,9,20,7,1,3,9,0,0,0,0,47.0,1.96
Mark Sears,7,22,2,2,0,0,4,4,0,0,0,0,13.0,1.86
Jahmir Young,11,20,4,6,1,0,2,3,0,0,0,0,20.0,1.82
Dario Saric,5,5,6,2,0,0,1,2,0,0,0,0,9.0,1.8
Harrison Ingram,5,9,3,1,0,0,1,0,0,0,0,0,9.0,1.8
Vladislav Goldin,5,4,4,2,0,1,0,1,0,0,0,0,9.0,1.8
Bismack Biyombo,22,21,20,5,4,1,0,7,0,0,0,0,38.5,1.75
Isaac Jones,5,7,4,1,0,0,0,0,0,0,0,0,8.5,1.7
Jacob Toppin,5,8,1,1,0,1,0,0,0,0,0,0,8.0,1.6
Trentyn Flowers,2,4,1,1,0,0,0,1,0,0,0,0,3.0,1.5
Garrett Temple,18,14,7,8,3,2,2,7,0,0,0,0,26.0,1.44
John Tonje,3,2,2,1,0,0,0,0,0,0,0,0,4.0,1.33
Tyler Smith,3,3,2,0,1,0,0,2,0,0,0,0,3.5,1.17
CJ Huntley,1,2,0,0,0,0,0,0,0,0,0,0,1.0,1.0
Noa Essengue,2,0,0,0,1,0,0,0,0,0,0,0,2.0,1.0
Darius Brown,1,0,1,0,0,0,0,0,0,0,0,0,1.0,1.0
Hunter Dickinson,1,2,0,0,0,1,0,2,0,0,0,0,1.0,1.0
Buddy Boeheim,4,6,0,0,0,0,2,0,0,0,0,0,4.0,1.0
Hunter Sallis,7,7,1,4,0,1,0,5,0,0,0,0,5.5,0.79
Jahmyl Telfort,8,1,3,1,1,0,0,1,0,0,0,0,5.5,0.69
Max Shulga,6,4,1,2,0,0,0,1,0,0,0,0,4.0,0.67
Trevor Keels,4,0,2,0,0,0,0,0,0,0,0,0,2.0,0.5
Tosan Evbuomwan,5,0,2,0,0,0,0,0,0,0,0,0,2.0,0.4
